,G,V,A,L,I,C,M,F,W,P,D,E,S,T,Y,Q,N,K,R,H
G,6,-3,0,-4,-4,-3,-3,-3,-2,-2,-1,-2,0,-2,-3,-2,0,-2,-2,-2
V,-3,4,0,1,3,-1,1,-1,-3,-2,-3,-2,-2,0,-1,-2,-3,-2,-3,-3
A,0,0,4,-1,-1,0,-1,-2,-3,-1,-2,-1,1,0,-2,-1,-2,-1,-1,-2
L,-4,1,-1,4,2,-1,2,0,-2,-3,-4,-3,-2,-1,-1,-2,-3,-2,-2,-3
I,-4,3,-1,2,4,-1,1,0,-3,-3,-3,-3,-2,-1,-1,-3,-3,-3,-3,-3
C,-3,-1,0,-1,-1,9,-1,-2,-2,-3,-3,-4,-1,-1,-2,-3,-3,-3,-3,-3
M,-3,1,-1,2,1,-1,5,0,-1,-2,-3,-2,-1,-1,-1,0,-2,-1,-1,-2
F,-3,-1,-2,0,0,-2,0,6,1,-4,-3,-3,-2,-2,3,-3,-3,-3,-3,-1
W,-2,-3,-3,-2,-3,-2,-1,1,11,-4,-4,-3,-3,-2,2,-2,-4,-3,-3,-2
P,-2,-2,-1,-3,-3,-3,-2,-4,-4,7,-1,-1,-1,-1,-3,-1,-2,-1,-2,-2
D,-1,-3,-2,-4,-3,-3,-3,-3,-4,-1,6,2,0,-1,-3,0,1,-1,-2,-1
E,-2,-2,-1,-3,-3,-4,-2,-3,-3,-1,2,5,0,-1,-2,2,0,1,0,0
S,0,-2,1,-2,-2,-1,-1,-2,-3,-1,0,0,4,1,-2,0,1,0,-1,-1
T,-2,0,0,-1,-1,-1,-1,-2,-2,-1,-1,-1,1,5,-2,-1,0,-1,-1,-2
Y,-3,-1,-2,-1,-1,-2,-1,3,2,-3,-3,-2,-2,-2,7,-1,-2,-2,-2,2
Q,-2,-2,-1,-2,-3,-3,0,-3,-2,-1,0,2,0,-1,-1,5,0,1,1,0
N,0,-3,-2,-3,-3,-3,-2,-3,-4,-2,1,0,1,0,-2,0,6,0,0,1
K,-2,-2,-1,-2,-3,-3,-1,-3,-3,-1,-1,1,0,-1,-2,1,0,5,2,-1
R,-2,-3,-1,-2,-3,-3,-1,-3,-3,-2,-2,0,-1,-1,-2,1,0,2,5,0
H,-2,-3,-2,-3,-3,-3,-2,-1,-2,-2,-1,0,-1,-2,2,0,1,-1,0,8
